бЮКЧРЮ;оНЙСОЙЮ;оПНДЮФЮ;йСПЯ жа;цНПНД;пЕЦХНМ;
USD;98.71;104.96;102.4137;бнкфяйхи;бнкцнцпюдяйюъ
EUR;104;110;104.8609;бнкфяйхи;бнкцнцпюдяйюъ
USD;98.71;104.96;102.4137;бнкцнцпюд;бнкцнцпюдяйюъ
EUR;104;110;104.8609;бнкцнцпюд;бнкцнцпюдяйюъ
USD;98.71;104.96;102.4137;бнпнмеф;бнпнмефяйюъ
EUR;104;110;104.8609;бнпнмеф;бнпнмефяйюъ
USD;98.71;104.96;102.4137;йюкхмхмцпюд;йюкхмхмцпюдяйюъ
EUR;104;110;104.8609;йюкхмхмцпюд;йюкхмхмцпюдяйюъ
PLN;15.1;21.9;18.5484;йюкхмхмцпюд;йюкхмхмцпюдяйюъ
USD;98.71;104.96;102.4137;йпюямндюп;йпюямндюпяйхи
EUR;104;110;104.8609;йпюямндюп;йпюямндюпяйхи
USD;98.71;104.96;102.4137;йпюямнъпяй;йпюямнъпяйхи
EUR;104;110;104.8609;йпюямнъпяй;йпюямнъпяйхи
USD;98.71;104.96;102.4137;лняйбю;лняйбю
EUR;104;110;104.8609;лняйбю;лняйбю
GBP;100;106;102.4997;лняйбю;лняйбю
CHF;73;87;79.075;лняйбю;лняйбю
USD;98.71;104.96;102.4137;мхфмхи мнбцнпнд;мхфецнпндяйюъ
EUR;104;110;104.8609;мхфмхи мнбцнпнд;мхфецнпндяйюъ
USD;98.71;104.96;102.4137;бекхйхи мнбцнпнд;мнбцнпндяйюъ
EUR;104;110;104.8609;бекхйхи мнбцнпнд;мнбцнпндяйюъ
USD;98.71;104.96;102.4137;мнбняхахпяй;мнбняхахпяйюъ
EUR;104;110;104.8609;мнбняхахпяй;мнбняхахпяйюъ
USD;98.71;104.96;102.4137;нляй;нляйюъ
EUR;104;110;104.8609;нляй;нляйюъ
USD;98.71;104.96;102.4137;нпемаспц;нпемаспцяйюъ
EUR;104;110;104.8609;нпемаспц;нпемаспцяйюъ
USD;98.71;104.96;102.4137;оеплэ;оепляйхи
EUR;104;110;104.8609;оеплэ;оепляйхи
USD;98.71;104.96;102.4137;рюцюмпнц;пнярнбяйюъ
EUR;104;110;104.8609;рюцюмпнц;пнярнбяйюъ
USD;98.71;104.96;102.4137;пнярнб-мю-днмс;пнярнбяйюъ
EUR;104;110;104.8609;пнярнб-мю-днмс;пнярнбяйюъ
USD;98.71;104.96;102.4137;пъгюмэ;пъгюмяйюъ
EUR;104;110;104.8609;пъгюмэ;пъгюмяйюъ
USD;98.71;104.96;102.4137;яюлюпю;яюлюпяйюъ
EUR;104;110;104.8609;яюлюпю;яюлюпяйюъ
USD;98.71;104.96;102.4137;рнкэъррх;яюлюпяйюъ
EUR;104;110;104.8609;рнкэъррх;яюлюпяйюъ
USD;98.71;104.96;102.4137;яюмйр-оерепаспц;яюмйр-оерепаспц
EUR;104;110;104.8609;яюмйр-оерепаспц;яюмйр-оерепаспц
USD;98.71;104.96;102.4137;юпрелнбяйхи;ябепдкнбяйюъ
EUR;104;110;104.8609;юпрелнбяйхи;ябепдкнбяйюъ
USD;98.71;104.96;102.4137;анцдюмнбхв;ябепдкнбяйюъ
EUR;104;110;104.8609;анцдюмнбхв;ябепдкнбяйюъ
USD;98.71;104.96;102.4137;яшяепрэ;ябепдкнбяйюъ
EUR;104;110;104.8609;яшяепрэ;ябепдкнбяйюъ
USD;98.71;104.96;102.4137;мебэъмяй;ябепдкнбяйюъ
EUR;104;110;104.8609;мебэъмяй;ябепдкнбяйюъ
USD;98.71;104.96;102.4137;мхфмхи рюцхк;ябепдкнбяйюъ
EUR;104;110;104.8609;мхфмхи рюцхк;ябепдкнбяйюъ
USD;98.71;104.96;102.4137;йпюямнстхляй;ябепдкнбяйюъ
EUR;104;110;104.8609;йпюямнстхляй;ябепдкнбяйюъ
USD;98.71;104.96;102.4137;онкебяйни;ябепдкнбяйюъ
EUR;104;110;104.8609;онкебяйни;ябепдкнбяйюъ
USD;98.71;104.96;102.4137;юяаеяр;ябепдкнбяйюъ
EUR;104;110;104.8609;юяаеяр;ябепдкнбяйюъ
USD;98.71;104.96;102.4137;хпахр;ябепдкнбяйюъ
EUR;104;110;104.8609;хпахр;ябепдкнбяйюъ
USD;98.71;104.96;102.4137;мхфмъъ рспю;ябепдкнбяйюъ
EUR;104;110;104.8609;мхфмъъ рспю;ябепдкнбяйюъ
USD;98.71;104.96;102.4137;оепбнспюкэяй;ябепдкнбяйюъ
EUR;104;110;104.8609;оепбнспюкэяй;ябепдкнбяйюъ
USD;98.71;104.96;102.4137;йюлемяй-спюкэяйхи;ябепдкнбяйюъ
EUR;104;110;104.8609;йюлемяй-спюкэяйхи;ябепдкнбяйюъ
USD;98.71;104.96;102.4137;юпюлхкэ;ябепдкнбяйюъ
EUR;104;110;104.8609;юпюлхкэ;ябепдкнбяйюъ
USD;98.71;104.96;102.4137;пеф;ябепдкнбяйюъ
EUR;104;110;104.8609;пеф;ябепдкнбяйюъ
USD;98.71;104.96;102.4137;гюпевмши;ябепдкнбяйюъ
EUR;104;110;104.8609;гюпевмши;ябепдкнбяйюъ
USD;98.71;104.96;102.4137;йюлшькнб;ябепдкнбяйюъ
EUR;104;110;104.8609;йюлшькнб;ябепдкнбяйюъ
USD;98.71;104.96;102.4137;йпюямнрспэхмяй;ябепдкнбяйюъ
EUR;104;110;104.8609;йпюямнрспэхмяй;ябепдкнбяйюъ
USD;98.71;104.96;102.4137;рчлемэ;рчлемяйюъ
EUR;104;110;104.8609;рчлемэ;рчлемяйюъ
USD;98.71;104.96;102.4137;хфебяй;сдлспряйюъ
EUR;104;110;104.8609;хфебяй;сдлспряйюъ
USD;98.71;104.96;102.4137;яспцср;улюн - чцпю
EUR;104;110;104.8609;яспцср;улюн - чцпю
USD;98.71;104.96;102.4137;чцнпяй;улюн - чцпю
EUR;104;110;104.8609;чцнпяй;улюн - чцпю
USD;98.71;104.96;102.4137;мхфмебюпрнбяй;улюн - чцпю
EUR;104;110;104.8609;мхфмебюпрнбяй;улюн - чцпю
USD;98.71;104.96;102.4137;мнбши спемцни;ълюкн-мемежйхи
EUR;104;110;104.8609;мнбши спемцни;ълюкн-мемежйхи
USD;98.71;104.96;102.4137;ейюрепхмаспц;ябепдкнбяйюъ
EUR;104;110;104.8609;ейюрепхмаспц;ябепдкнбяйюъ
GBP;91.77;102;96.6827;ейюрепхмаспц;ябепдкнбяйюъ
CHF;81;91.1;86.5614;ейюрепхмаспц;ябепдкнбяйюъ
USD;98.71;104.96;102.4137;векъахмяй;векъахмяйюъ
EUR;104;110;104.8609;векъахмяй;векъахмяйюъ

